Song Name,Artist,Genre,Mood,Tempo (BPM),Danceability,User Ratings
Song 1,Artist 2,Pop,Happy,61,0.2,2
Song 2,Artist 3,Rock,Sad,62,0.3,3
Song 3,Artist 4,Jazz,Energetic,63,0.4,4
Song 4,Artist 5,Hip-Hop,Relaxing,64,0.5,5
Song 5,Artist 6,Classical,Romantic,65,0.6,1
Song 6,Artist 7,Pop,Happy,66,0.7,2
Song 7,Artist 8,Rock,Sad,67,0.8,3
Song 8,Artist 9,Jazz,Energetic,68,0.9,4
Song 9,Artist 10,Hip-Hop,Relaxing,69,1.0,5
Song 10,Artist 11,Classical,Romantic,70,0.1,1
Song 11,Artist 12,Pop,Happy,71,0.2,2
Song 12,Artist 13,Rock,Sad,72,0.3,3
Song 13,Artist 14,Jazz,Energetic,73,0.4,4
Song 14,Artist 15,Hip-Hop,Relaxing,74,0.5,5
Song 15,Artist 16,Classical,Romantic,75,0.6,1
Song 16,Artist 17,Pop,Happy,76,0.7,2
Song 17,Artist 18,Rock,Sad,77,0.8,3
Song 18,Artist 19,Jazz,Energetic,78,0.9,4
Song 19,Artist 20,Hip-Hop,Relaxing,79,1.0,5
Song 20,Artist 21,Classical,Romantic,80,0.1,1
Song 21,Artist 22,Pop,Happy,81,0.2,2
Song 22,Artist 23,Rock,Sad,82,0.3,3
Song 23,Artist 24,Jazz,Energetic,83,0.4,4
Song 24,Artist 25,Hip-Hop,Relaxing,84,0.5,5
Song 25,Artist 26,Classical,Romantic,85,0.6,1
Song 26,Artist 27,Pop,Happy,86,0.7,2
Song 27,Artist 28,Rock,Sad,87,0.8,3
Song 28,Artist 29,Jazz,Energetic,88,0.9,4
Song 29,Artist 30,Hip-Hop,Relaxing,89,1.0,5
Song 30,Artist 31,Classical,Romantic,90,0.1,1
Song 31,Artist 32,Pop,Happy,91,0.2,2
Song 32,Artist 33,Rock,Sad,92,0.3,3
Song 33,Artist 34,Jazz,Energetic,93,0.4,4
Song 34,Artist 35,Hip-Hop,Relaxing,94,0.5,5
Song 35,Artist 36,Classical,Romantic,95,0.6,1
Song 36,Artist 37,Pop,Happy,96,0.7,2
Song 37,Artist 38,Rock,Sad,97,0.8,3
Song 38,Artist 39,Jazz,Energetic,98,0.9,4
Song 39,Artist 40,Hip-Hop,Relaxing,99,1.0,5
Song 40,Artist 41,Classical,Romantic,100,0.1,1
Song 41,Artist 42,Pop,Happy,101,0.2,2
Song 42,Artist 43,Rock,Sad,102,0.3,3
Song 43,Artist 44,Jazz,Energetic,103,0.4,4
Song 44,Artist 45,Hip-Hop,Relaxing,104,0.5,5
Song 45,Artist 46,Classical,Romantic,105,0.6,1
Song 46,Artist 47,Pop,Happy,106,0.7,2
Song 47,Artist 48,Rock,Sad,107,0.8,3
Song 48,Artist 49,Jazz,Energetic,108,0.9,4
Song 49,Artist 50,Hip-Hop,Relaxing,109,1.0,5
Song 50,Artist 1,Classical,Romantic,110,0.1,1
Song 51,Artist 2,Pop,Happy,111,0.2,2
Song 52,Artist 3,Rock,Sad,112,0.3,3
Song 53,Artist 4,Jazz,Energetic,113,0.4,4
Song 54,Artist 5,Hip-Hop,Relaxing,114,0.5,5
Song 55,Artist 6,Classical,Romantic,115,0.6,1
Song 56,Artist 7,Pop,Happy,116,0.7,2
Song 57,Artist 8,Rock,Sad,117,0.8,3
Song 58,Artist 9,Jazz,Energetic,118,0.9,4
Song 59,Artist 10,Hip-Hop,Relaxing,119,1.0,5
Song 60,Artist 11,Classical,Romantic,120,0.1,1
Song 61,Artist 12,Pop,Happy,121,0.2,2
Song 62,Artist 13,Rock,Sad,122,0.3,3
Song 63,Artist 14,Jazz,Energetic,123,0.4,4
Song 64,Artist 15,Hip-Hop,Relaxing,124,0.5,5
Song 65,Artist 16,Classical,Romantic,125,0.6,1
Song 66,Artist 17,Pop,Happy,126,0.7,2
Song 67,Artist 18,Rock,Sad,127,0.8,3
Song 68,Artist 19,Jazz,Energetic,128,0.9,4
Song 69,Artist 20,Hip-Hop,Relaxing,129,1.0,5
Song 70,Artist 21,Classical,Romantic,130,0.1,1
Song 71,Artist 22,Pop,Happy,131,0.2,2
Song 72,Artist 23,Rock,Sad,132,0.3,3
Song 73,Artist 24,Jazz,Energetic,133,0.4,4
Song 74,Artist 25,Hip-Hop,Relaxing,134,0.5,5
Song 75,Artist 26,Classical,Romantic,135,0.6,1
Song 76,Artist 27,Pop,Happy,136,0.7,2
Song 77,Artist 28,Rock,Sad,137,0.8,3
Song 78,Artist 29,Jazz,Energetic,138,0.9,4
Song 79,Artist 30,Hip-Hop,Relaxing,139,1.0,5
Song 80,Artist 31,Classical,Romantic,140,0.1,1
Song 81,Artist 32,Pop,Happy,141,0.2,2
Song 82,Artist 33,Rock,Sad,142,0.3,3
Song 83,Artist 34,Jazz,Energetic,143,0.4,4
Song 84,Artist 35,Hip-Hop,Relaxing,144,0.5,5
Song 85,Artist 36,Classical,Romantic,145,0.6,1
Song 86,Artist 37,Pop,Happy,146,0.7,2
Song 87,Artist 38,Rock,Sad,147,0.8,3
Song 88,Artist 39,Jazz,Energetic,148,0.9,4
Song 89,Artist 40,Hip-Hop,Relaxing,149,1.0,5
Song 90,Artist 41,Classical,Romantic,150,0.1,1
Song 91,Artist 42,Pop,Happy,151,0.2,2
Song 92,Artist 43,Rock,Sad,152,0.3,3
Song 93,Artist 44,Jazz,Energetic,153,0.4,4
Song 94,Artist 45,Hip-Hop,Relaxing,154,0.5,5
Song 95,Artist 46,Classical,Romantic,155,0.6,1
Song 96,Artist 47,Pop,Happy,156,0.7,2
Song 97,Artist 48,Rock,Sad,157,0.8,3
Song 98,Artist 49,Jazz,Energetic,158,0.9,4
Song 99,Artist 50,Hip-Hop,Relaxing,159,1.0,5
Song 100,Artist 1,Classical,Romantic,160,0.1,1
Song 101,Artist 2,Pop,Happy,161,0.2,2
Song 102,Artist 3,Rock,Sad,162,0.3,3
Song 103,Artist 4,Jazz,Energetic,163,0.4,4
Song 104,Artist 5,Hip-Hop,Relaxing,164,0.5,5
Song 105,Artist 6,Classical,Romantic,165,0.6,1
Song 106,Artist 7,Pop,Happy,166,0.7,2
Song 107,Artist 8,Rock,Sad,167,0.8,3
Song 108,Artist 9,Jazz,Energetic,168,0.9,4
Song 109,Artist 10,Hip-Hop,Relaxing,169,1.0,5
Song 110,Artist 11,Classical,Romantic,170,0.1,1
Song 111,Artist 12,Pop,Happy,171,0.2,2
Song 112,Artist 13,Rock,Sad,172,0.3,3
Song 113,Artist 14,Jazz,Energetic,173,0.4,4
Song 114,Artist 15,Hip-Hop,Relaxing,174,0.5,5
Song 115,Artist 16,Classical,Romantic,175,0.6,1
Song 116,Artist 17,Pop,Happy,176,0.7,2
Song 117,Artist 18,Rock,Sad,177,0.8,3
Song 118,Artist 19,Jazz,Energetic,178,0.9,4
Song 119,Artist 20,Hip-Hop,Relaxing,179,1.0,5
Song 120,Artist 21,Classical,Romantic,180,0.1,1
Song 121,Artist 22,Pop,Happy,181,0.2,2
Song 122,Artist 23,Rock,Sad,182,0.3,3
Song 123,Artist 24,Jazz,Energetic,183,0.4,4
Song 124,Artist 25,Hip-Hop,Relaxing,184,0.5,5
Song 125,Artist 26,Classical,Romantic,185,0.6,1
Song 126,Artist 27,Pop,Happy,186,0.7,2
Song 127,Artist 28,Rock,Sad,187,0.8,3
Song 128,Artist 29,Jazz,Energetic,188,0.9,4
Song 129,Artist 30,Hip-Hop,Relaxing,189,1.0,5
Song 130,Artist 31,Classical,Romantic,190,0.1,1
Song 131,Artist 32,Pop,Happy,191,0.2,2
Song 132,Artist 33,Rock,Sad,192,0.3,3
Song 133,Artist 34,Jazz,Energetic,193,0.4,4
Song 134,Artist 35,Hip-Hop,Relaxing,194,0.5,5
Song 135,Artist 36,Classical,Romantic,195,0.6,1
Song 136,Artist 37,Pop,Happy,196,0.7,2
Song 137,Artist 38,Rock,Sad,197,0.8,3
Song 138,Artist 39,Jazz,Energetic,198,0.9,4
Song 139,Artist 40,Hip-Hop,Relaxing,199,1.0,5
Song 140,Artist 41,Classical,Romantic,200,0.1,1
Song 141,Artist 42,Pop,Happy,201,0.2,2
Song 142,Artist 43,Rock,Sad,202,0.3,3
Song 143,Artist 44,Jazz,Energetic,203,0.4,4
Song 144,Artist 45,Hip-Hop,Relaxing,204,0.5,5
Song 145,Artist 46,Classical,Romantic,205,0.6,1
Song 146,Artist 47,Pop,Happy,206,0.7,2
Song 147,Artist 48,Rock,Sad,207,0.8,3
Song 148,Artist 49,Jazz,Energetic,208,0.9,4
Song 149,Artist 50,Hip-Hop,Relaxing,209,1.0,5
Song 150,Artist 1,Classical,Romantic,210,0.1,1
Song 151,Artist 2,Pop,Happy,211,0.2,2
Song 152,Artist 3,Rock,Sad,212,0.3,3
Song 153,Artist 4,Jazz,Energetic,213,0.4,4
Song 154,Artist 5,Hip-Hop,Relaxing,214,0.5,5
Song 155,Artist 6,Classical,Romantic,215,0.6,1
Song 156,Artist 7,Pop,Happy,216,0.7,2
Song 157,Artist 8,Rock,Sad,217,0.8,3
Song 158,Artist 9,Jazz,Energetic,218,0.9,4
Song 159,Artist 10,Hip-Hop,Relaxing,219,1.0,5
Song 160,Artist 11,Classical,Romantic,220,0.1,1
Song 161,Artist 12,Pop,Happy,221,0.2,2
Song 162,Artist 13,Rock,Sad,222,0.3,3
Song 163,Artist 14,Jazz,Energetic,223,0.4,4
Song 164,Artist 15,Hip-Hop,Relaxing,224,0.5,5
Song 165,Artist 16,Classical,Romantic,225,0.6,1
Song 166,Artist 17,Pop,Happy,226,0.7,2
Song 167,Artist 18,Rock,Sad,227,0.8,3
Song 168,Artist 19,Jazz,Energetic,228,0.9,4
Song 169,Artist 20,Hip-Hop,Relaxing,229,1.0,5
Song 170,Artist 21,Classical,Romantic,230,0.1,1
Song 171,Artist 22,Pop,Happy,231,0.2,2
Song 172,Artist 23,Rock,Sad,232,0.3,3
Song 173,Artist 24,Jazz,Energetic,233,0.4,4
Song 174,Artist 25,Hip-Hop,Relaxing,234,0.5,5
Song 175,Artist 26,Classical,Romantic,235,0.6,1
Song 176,Artist 27,Pop,Happy,236,0.7,2
Song 177,Artist 28,Rock,Sad,237,0.8,3
Song 178,Artist 29,Jazz,Energetic,238,0.9,4
Song 179,Artist 30,Hip-Hop,Relaxing,239,1.0,5
Song 180,Artist 31,Classical,Romantic,60,0.1,1
Song 181,Artist 32,Pop,Happy,61,0.2,2
Song 182,Artist 33,Rock,Sad,62,0.3,3
Song 183,Artist 34,Jazz,Energetic,63,0.4,4
Song 184,Artist 35,Hip-Hop,Relaxing,64,0.5,5
Song 185,Artist 36,Classical,Romantic,65,0.6,1
Song 186,Artist 37,Pop,Happy,66,0.7,2
Song 187,Artist 38,Rock,Sad,67,0.8,3
Song 188,Artist 39,Jazz,Energetic,68,0.9,4
Song 189,Artist 40,Hip-Hop,Relaxing,69,1.0,5
Song 190,Artist 41,Classical,Romantic,70,0.1,1
Song 191,Artist 42,Pop,Happy,71,0.2,2
Song 192,Artist 43,Rock,Sad,72,0.3,3
Song 193,Artist 44,Jazz,Energetic,73,0.4,4
Song 194,Artist 45,Hip-Hop,Relaxing,74,0.5,5
Song 195,Artist 46,Classical,Romantic,75,0.6,1
Song 196,Artist 47,Pop,Happy,76,0.7,2
Song 197,Artist 48,Rock,Sad,77,0.8,3
Song 198,Artist 49,Jazz,Energetic,78,0.9,4
Song 199,Artist 50,Hip-Hop,Relaxing,79,1.0,5
Song 200,Artist 1,Classical,Romantic,80,0.1,1
Song 201,Artist 2,Pop,Happy,81,0.2,2
Song 202,Artist 3,Rock,Sad,82,0.3,3
Song 203,Artist 4,Jazz,Energetic,83,0.4,4
Song 204,Artist 5,Hip-Hop,Relaxing,84,0.5,5
Song 205,Artist 6,Classical,Romantic,85,0.6,1
Song 206,Artist 7,Pop,Happy,86,0.7,2
Song 207,Artist 8,Rock,Sad,87,0.8,3
Song 208,Artist 9,Jazz,Energetic,88,0.9,4
Song 209,Artist 10,Hip-Hop,Relaxing,89,1.0,5
Song 210,Artist 11,Classical,Romantic,90,0.1,1
Song 211,Artist 12,Pop,Happy,91,0.2,2
Song 212,Artist 13,Rock,Sad,92,0.3,3
Song 213,Artist 14,Jazz,Energetic,93,0.4,4
Song 214,Artist 15,Hip-Hop,Relaxing,94,0.5,5
Song 215,Artist 16,Classical,Romantic,95,0.6,1
Song 216,Artist 17,Pop,Happy,96,0.7,2
Song 217,Artist 18,Rock,Sad,97,0.8,3
Song 218,Artist 19,Jazz,Energetic,98,0.9,4
Song 219,Artist 20,Hip-Hop,Relaxing,99,1.0,5
Song 220,Artist 21,Classical,Romantic,100,0.1,1
Song 221,Artist 22,Pop,Happy,101,0.2,2
Song 222,Artist 23,Rock,Sad,102,0.3,3
Song 223,Artist 24,Jazz,Energetic,103,0.4,4
Song 224,Artist 25,Hip-Hop,Relaxing,104,0.5,5
Song 225,Artist 26,Classical,Romantic,105,0.6,1
Song 226,Artist 27,Pop,Happy,106,0.7,2
Song 227,Artist 28,Rock,Sad,107,0.8,3
Song 228,Artist 29,Jazz,Energetic,108,0.9,4
Song 229,Artist 30,Hip-Hop,Relaxing,109,1.0,5
Song 230,Artist 31,Classical,Romantic,110,0.1,1
Song 231,Artist 32,Pop,Happy,111,0.2,2
Song 232,Artist 33,Rock,Sad,112,0.3,3
Song 233,Artist 34,Jazz,Energetic,113,0.4,4
Song 234,Artist 35,Hip-Hop,Relaxing,114,0.5,5
Song 235,Artist 36,Classical,Romantic,115,0.6,1
Song 236,Artist 37,Pop,Happy,116,0.7,2
Song 237,Artist 38,Rock,Sad,117,0.8,3
Song 238,Artist 39,Jazz,Energetic,118,0.9,4
Song 239,Artist 40,Hip-Hop,Relaxing,119,1.0,5
Song 240,Artist 41,Classical,Romantic,120,0.1,1
Song 241,Artist 42,Pop,Happy,121,0.2,2
Song 242,Artist 43,Rock,Sad,122,0.3,3
Song 243,Artist 44,Jazz,Energetic,123,0.4,4
Song 244,Artist 45,Hip-Hop,Relaxing,124,0.5,5
Song 245,Artist 46,Classical,Romantic,125,0.6,1
Song 246,Artist 47,Pop,Happy,126,0.7,2
Song 247,Artist 48,Rock,Sad,127,0.8,3
Song 248,Artist 49,Jazz,Energetic,128,0.9,4
Song 249,Artist 50,Hip-Hop,Relaxing,129,1.0,5
Song 250,Artist 1,Classical,Romantic,130,0.1,1
Song 251,Artist 2,Pop,Happy,131,0.2,2
Song 252,Artist 3,Rock,Sad,132,0.3,3
Song 253,Artist 4,Jazz,Energetic,133,0.4,4
Song 254,Artist 5,Hip-Hop,Relaxing,134,0.5,5
Song 255,Artist 6,Classical,Romantic,135,0.6,1
Song 256,Artist 7,Pop,Happy,136,0.7,2
Song 257,Artist 8,Rock,Sad,137,0.8,3
Song 258,Artist 9,Jazz,Energetic,138,0.9,4
Song 259,Artist 10,Hip-Hop,Relaxing,139,1.0,5
Song 260,Artist 11,Classical,Romantic,140,0.1,1
Song 261,Artist 12,Pop,Happy,141,0.2,2
Song 262,Artist 13,Rock,Sad,142,0.3,3
Song 263,Artist 14,Jazz,Energetic,143,0.4,4
Song 264,Artist 15,Hip-Hop,Relaxing,144,0.5,5
Song 265,Artist 16,Classical,Romantic,145,0.6,1
Song 266,Artist 17,Pop,Happy,146,0.7,2
Song 267,Artist 18,Rock,Sad,147,0.8,3
Song 268,Artist 19,Jazz,Energetic,148,0.9,4
Song 269,Artist 20,Hip-Hop,Relaxing,149,1.0,5
Song 270,Artist 21,Classical,Romantic,150,0.1,1
Song 271,Artist 22,Pop,Happy,151,0.2,2
Song 272,Artist 23,Rock,Sad,152,0.3,3
Song 273,Artist 24,Jazz,Energetic,153,0.4,4
Song 274,Artist 25,Hip-Hop,Relaxing,154,0.5,5
Song 275,Artist 26,Classical,Romantic,155,0.6,1
Song 276,Artist 27,Pop,Happy,156,0.7,2
Song 277,Artist 28,Rock,Sad,157,0.8,3
Song 278,Artist 29,Jazz,Energetic,158,0.9,4
Song 279,Artist 30,Hip-Hop,Relaxing,159,1.0,5
Song 280,Artist 31,Classical,Romantic,160,0.1,1
Song 281,Artist 32,Pop,Happy,161,0.2,2
Song 282,Artist 33,Rock,Sad,162,0.3,3
Song 283,Artist 34,Jazz,Energetic,163,0.4,4
Song 284,Artist 35,Hip-Hop,Relaxing,164,0.5,5
Song 285,Artist 36,Classical,Romantic,165,0.6,1
Song 286,Artist 37,Pop,Happy,166,0.7,2
Song 287,Artist 38,Rock,Sad,167,0.8,3
Song 288,Artist 39,Jazz,Energetic,168,0.9,4
Song 289,Artist 40,Hip-Hop,Relaxing,169,1.0,5
Song 290,Artist 41,Classical,Romantic,170,0.1,1
Song 291,Artist 42,Pop,Happy,171,0.2,2
Song 292,Artist 43,Rock,Sad,172,0.3,3
Song 293,Artist 44,Jazz,Energetic,173,0.4,4
Song 294,Artist 45,Hip-Hop,Relaxing,174,0.5,5
Song 295,Artist 46,Classical,Romantic,175,0.6,1
Song 296,Artist 47,Pop,Happy,176,0.7,2
Song 297,Artist 48,Rock,Sad,177,0.8,3
Song 298,Artist 49,Jazz,Energetic,178,0.9,4
Song 299,Artist 50,Hip-Hop,Relaxing,179,1.0,5
Song 300,Artist 1,Classical,Romantic,180,0.1,1
Song 301,Artist 2,Pop,Happy,181,0.2,2
Song 302,Artist 3,Rock,Sad,182,0.3,3
Song 303,Artist 4,Jazz,Energetic,183,0.4,4
Song 304,Artist 5,Hip-Hop,Relaxing,184,0.5,5
Song 305,Artist 6,Classical,Romantic,185,0.6,1
Song 306,Artist 7,Pop,Happy,186,0.7,2
Song 307,Artist 8,Rock,Sad,187,0.8,3
Song 308,Artist 9,Jazz,Energetic,188,0.9,4
Song 309,Artist 10,Hip-Hop,Relaxing,189,1.0,5
Song 310,Artist 11,Classical,Romantic,190,0.1,1
Song 311,Artist 12,Pop,Happy,191,0.2,2
Song 312,Artist 13,Rock,Sad,192,0.3,3
Song 313,Artist 14,Jazz,Energetic,193,0.4,4
Song 314,Artist 15,Hip-Hop,Relaxing,194,0.5,5
Song 315,Artist 16,Classical,Romantic,195,0.6,1
Song 316,Artist 17,Pop,Happy,196,0.7,2
Song 317,Artist 18,Rock,Sad,197,0.8,3
Song 318,Artist 19,Jazz,Energetic,198,0.9,4
Song 319,Artist 20,Hip-Hop,Relaxing,199,1.0,5
Song 320,Artist 21,Classical,Romantic,200,0.1,1
Song 321,Artist 22,Pop,Happy,201,0.2,2
Song 322,Artist 23,Rock,Sad,202,0.3,3
Song 323,Artist 24,Jazz,Energetic,203,0.4,4
Song 324,Artist 25,Hip-Hop,Relaxing,204,0.5,5
Song 325,Artist 26,Classical,Romantic,205,0.6,1
Song 326,Artist 27,Pop,Happy,206,0.7,2
Song 327,Artist 28,Rock,Sad,207,0.8,3
Song 328,Artist 29,Jazz,Energetic,208,0.9,4
Song 329,Artist 30,Hip-Hop,Relaxing,209,1.0,5
Song 330,Artist 31,Classical,Romantic,210,0.1,1
Song 331,Artist 32,Pop,Happy,211,0.2,2
Song 332,Artist 33,Rock,Sad,212,0.3,3
Song 333,Artist 34,Jazz,Energetic,213,0.4,4
Song 334,Artist 35,Hip-Hop,Relaxing,214,0.5,5
Song 335,Artist 36,Classical,Romantic,215,0.6,1
Song 336,Artist 37,Pop,Happy,216,0.7,2
Song 337,Artist 38,Rock,Sad,217,0.8,3
Song 338,Artist 39,Jazz,Energetic,218,0.9,4
Song 339,Artist 40,Hip-Hop,Relaxing,219,1.0,5
Song 340,Artist 41,Classical,Romantic,220,0.1,1
Song 341,Artist 42,Pop,Happy,221,0.2,2
Song 342,Artist 43,Rock,Sad,222,0.3,3
Song 343,Artist 44,Jazz,Energetic,223,0.4,4
Song 344,Artist 45,Hip-Hop,Relaxing,224,0.5,5
Song 345,Artist 46,Classical,Romantic,225,0.6,1
Song 346,Artist 47,Pop,Happy,226,0.7,2
Song 347,Artist 48,Rock,Sad,227,0.8,3
Song 348,Artist 49,Jazz,Energetic,228,0.9,4
Song 349,Artist 50,Hip-Hop,Relaxing,229,1.0,5
Song 350,Artist 1,Classical,Romantic,230,0.1,1
Song 351,Artist 2,Pop,Happy,231,0.2,2
Song 352,Artist 3,Rock,Sad,232,0.3,3
Song 353,Artist 4,Jazz,Energetic,233,0.4,4
Song 354,Artist 5,Hip-Hop,Relaxing,234,0.5,5
Song 355,Artist 6,Classical,Romantic,235,0.6,1
Song 356,Artist 7,Pop,Happy,236,0.7,2
Song 357,Artist 8,Rock,Sad,237,0.8,3
Song 358,Artist 9,Jazz,Energetic,238,0.9,4
Song 359,Artist 10,Hip-Hop,Relaxing,239,1.0,5
Song 360,Artist 11,Classical,Romantic,60,0.1,1
Song 361,Artist 12,Pop,Happy,61,0.2,2
Song 362,Artist 13,Rock,Sad,62,0.3,3
Song 363,Artist 14,Jazz,Energetic,63,0.4,4
Song 364,Artist 15,Hip-Hop,Relaxing,64,0.5,5
Song 365,Artist 16,Classical,Romantic,65,0.6,1
Song 366,Artist 17,Pop,Happy,66,0.7,2
Song 367,Artist 18,Rock,Sad,67,0.8,3
Song 368,Artist 19,Jazz,Energetic,68,0.9,4
Song 369,Artist 20,Hip-Hop,Relaxing,69,1.0,5
Song 370,Artist 21,Classical,Romantic,70,0.1,1
Song 371,Artist 22,Pop,Happy,71,0.2,2
Song 372,Artist 23,Rock,Sad,72,0.3,3
Song 373,Artist 24,Jazz,Energetic,73,0.4,4
Song 374,Artist 25,Hip-Hop,Relaxing,74,0.5,5
Song 375,Artist 26,Classical,Romantic,75,0.6,1
Song 376,Artist 27,Pop,Happy,76,0.7,2
Song 377,Artist 28,Rock,Sad,77,0.8,3
Song 378,Artist 29,Jazz,Energetic,78,0.9,4
Song 379,Artist 30,Hip-Hop,Relaxing,79,1.0,5
Song 380,Artist 31,Classical,Romantic,80,0.1,1
Song 381,Artist 32,Pop,Happy,81,0.2,2
Song 382,Artist 33,Rock,Sad,82,0.3,3
Song 383,Artist 34,Jazz,Energetic,83,0.4,4
Song 384,Artist 35,Hip-Hop,Relaxing,84,0.5,5
Song 385,Artist 36,Classical,Romantic,85,0.6,1
Song 386,Artist 37,Pop,Happy,86,0.7,2
Song 387,Artist 38,Rock,Sad,87,0.8,3
Song 388,Artist 39,Jazz,Energetic,88,0.9,4
Song 389,Artist 40,Hip-Hop,Relaxing,89,1.0,5
Song 390,Artist 41,Classical,Romantic,90,0.1,1
Song 391,Artist 42,Pop,Happy,91,0.2,2
Song 392,Artist 43,Rock,Sad,92,0.3,3
Song 393,Artist 44,Jazz,Energetic,93,0.4,4
Song 394,Artist 45,Hip-Hop,Relaxing,94,0.5,5
Song 395,Artist 46,Classical,Romantic,95,0.6,1
Song 396,Artist 47,Pop,Happy,96,0.7,2
Song 397,Artist 48,Rock,Sad,97,0.8,3
Song 398,Artist 49,Jazz,Energetic,98,0.9,4
Song 399,Artist 50,Hip-Hop,Relaxing,99,1.0,5
Song 400,Artist 1,Classical,Romantic,100,0.1,1
Song 401,Artist 2,Pop,Happy,101,0.2,2
Song 402,Artist 3,Rock,Sad,102,0.3,3
Song 403,Artist 4,Jazz,Energetic,103,0.4,4
Song 404,Artist 5,Hip-Hop,Relaxing,104,0.5,5
Song 405,Artist 6,Classical,Romantic,105,0.6,1
Song 406,Artist 7,Pop,Happy,106,0.7,2
Song 407,Artist 8,Rock,Sad,107,0.8,3
Song 408,Artist 9,Jazz,Energetic,108,0.9,4
Song 409,Artist 10,Hip-Hop,Relaxing,109,1.0,5
Song 410,Artist 11,Classical,Romantic,110,0.1,1
Song 411,Artist 12,Pop,Happy,111,0.2,2
Song 412,Artist 13,Rock,Sad,112,0.3,3
Song 413,Artist 14,Jazz,Energetic,113,0.4,4
Song 414,Artist 15,Hip-Hop,Relaxing,114,0.5,5
Song 415,Artist 16,Classical,Romantic,115,0.6,1
Song 416,Artist 17,Pop,Happy,116,0.7,2
Song 417,Artist 18,Rock,Sad,117,0.8,3
Song 418,Artist 19,Jazz,Energetic,118,0.9,4
Song 419,Artist 20,Hip-Hop,Relaxing,119,1.0,5
Song 420,Artist 21,Classical,Romantic,120,0.1,1
Song 421,Artist 22,Pop,Happy,121,0.2,2
Song 422,Artist 23,Rock,Sad,122,0.3,3
Song 423,Artist 24,Jazz,Energetic,123,0.4,4
Song 424,Artist 25,Hip-Hop,Relaxing,124,0.5,5
Song 425,Artist 26,Classical,Romantic,125,0.6,1
Song 426,Artist 27,Pop,Happy,126,0.7,2
Song 427,Artist 28,Rock,Sad,127,0.8,3
Song 428,Artist 29,Jazz,Energetic,128,0.9,4
Song 429,Artist 30,Hip-Hop,Relaxing,129,1.0,5
Song 430,Artist 31,Classical,Romantic,130,0.1,1
Song 431,Artist 32,Pop,Happy,131,0.2,2
Song 432,Artist 33,Rock,Sad,132,0.3,3
Song 433,Artist 34,Jazz,Energetic,133,0.4,4
Song 434,Artist 35,Hip-Hop,Relaxing,134,0.5,5
Song 435,Artist 36,Classical,Romantic,135,0.6,1
Song 436,Artist 37,Pop,Happy,136,0.7,2
Song 437,Artist 38,Rock,Sad,137,0.8,3
Song 438,Artist 39,Jazz,Energetic,138,0.9,4
Song 439,Artist 40,Hip-Hop,Relaxing,139,1.0,5
Song 440,Artist 41,Classical,Romantic,140,0.1,1
Song 441,Artist 42,Pop,Happy,141,0.2,2
Song 442,Artist 43,Rock,Sad,142,0.3,3
Song 443,Artist 44,Jazz,Energetic,143,0.4,4
Song 444,Artist 45,Hip-Hop,Relaxing,144,0.5,5
Song 445,Artist 46,Classical,Romantic,145,0.6,1
Song 446,Artist 47,Pop,Happy,146,0.7,2
Song 447,Artist 48,Rock,Sad,147,0.8,3
Song 448,Artist 49,Jazz,Energetic,148,0.9,4
Song 449,Artist 50,Hip-Hop,Relaxing,149,1.0,5
Song 450,Artist 1,Classical,Romantic,150,0.1,1
Song 451,Artist 2,Pop,Happy,151,0.2,2
Song 452,Artist 3,Rock,Sad,152,0.3,3
Song 453,Artist 4,Jazz,Energetic,153,0.4,4
Song 454,Artist 5,Hip-Hop,Relaxing,154,0.5,5
Song 455,Artist 6,Classical,Romantic,155,0.6,1
Song 456,Artist 7,Pop,Happy,156,0.7,2
Song 457,Artist 8,Rock,Sad,157,0.8,3
Song 458,Artist 9,Jazz,Energetic,158,0.9,4
Song 459,Artist 10,Hip-Hop,Relaxing,159,1.0,5
Song 460,Artist 11,Classical,Romantic,160,0.1,1
Song 461,Artist 12,Pop,Happy,161,0.2,2
Song 462,Artist 13,Rock,Sad,162,0.3,3
Song 463,Artist 14,Jazz,Energetic,163,0.4,4
Song 464,Artist 15,Hip-Hop,Relaxing,164,0.5,5
Song 465,Artist 16,Classical,Romantic,165,0.6,1
Song 466,Artist 17,Pop,Happy,166,0.7,2
Song 467,Artist 18,Rock,Sad,167,0.8,3
Song 468,Artist 19,Jazz,Energetic,168,0.9,4
Song 469,Artist 20,Hip-Hop,Relaxing,169,1.0,5
Song 470,Artist 21,Classical,Romantic,170,0.1,1
Song 471,Artist 22,Pop,Happy,171,0.2,2
Song 472,Artist 23,Rock,Sad,172,0.3,3
Song 473,Artist 24,Jazz,Energetic,173,0.4,4
Song 474,Artist 25,Hip-Hop,Relaxing,174,0.5,5
Song 475,Artist 26,Classical,Romantic,175,0.6,1
Song 476,Artist 27,Pop,Happy,176,0.7,2
Song 477,Artist 28,Rock,Sad,177,0.8,3
Song 478,Artist 29,Jazz,Energetic,178,0.9,4
Song 479,Artist 30,Hip-Hop,Relaxing,179,1.0,5
Song 480,Artist 31,Classical,Romantic,180,0.1,1
Song 481,Artist 32,Pop,Happy,181,0.2,2
Song 482,Artist 33,Rock,Sad,182,0.3,3
Song 483,Artist 34,Jazz,Energetic,183,0.4,4
Song 484,Artist 35,Hip-Hop,Relaxing,184,0.5,5
Song 485,Artist 36,Classical,Romantic,185,0.6,1
Song 486,Artist 37,Pop,Happy,186,0.7,2
Song 487,Artist 38,Rock,Sad,187,0.8,3
Song 488,Artist 39,Jazz,Energetic,188,0.9,4
Song 489,Artist 40,Hip-Hop,Relaxing,189,1.0,5
Song 490,Artist 41,Classical,Romantic,190,0.1,1
Song 491,Artist 42,Pop,Happy,191,0.2,2
Song 492,Artist 43,Rock,Sad,192,0.3,3
Song 493,Artist 44,Jazz,Energetic,193,0.4,4
Song 494,Artist 45,Hip-Hop,Relaxing,194,0.5,5
Song 495,Artist 46,Classical,Romantic,195,0.6,1
Song 496,Artist 47,Pop,Happy,196,0.7,2
Song 497,Artist 48,Rock,Sad,197,0.8,3
Song 498,Artist 49,Jazz,Energetic,198,0.9,4
Song 499,Artist 50,Hip-Hop,Relaxing,199,1.0,5
Song 500,Artist 1,Classical,Romantic,200,0.1,1
